time,u_var,v_var,w_var,u,v,w,Tau,H,LE,wind_speed,wind_dir,ust,TKE,L,(z-d)/L,Bowen_ratio,sonic_temperature,temp,pressure,air_density,air_heat_capacity,air_molar_volume,ET,water_vapor_density,e,es,q_old,q,theta,Ts_std,theta_std,u_unrot,v_unrot,w_unrot,tke,theta_std_2
00:30,0.23308568420676000,0.10889548698213900,7.1160175652309E-03,0.49976259514702100,-5.71220215427563E-14,-2.36531158120054E-15,8.96479564765383E-03,-11.854663034103100,14.284325580441200,0.49976259514702100,140.91537209020500,9.51255911000456E-02,0.17689511677984100,5.2797285709741300,0.25190688917453400,-0.82990708713158400,278.80966213014400,277.12014613459700,79375.040879516000,0.99070797134008600,997.14295470031300,2.92034310189341E-02,2.06231085693169E-02,1.18432170804174E-02,1514.5835404200400,808.79551657059300,1.19542967484128E-02,11.9542967484128,296.045515132307,0.26535804434109600,0.550308873631,0.19374562503878200,0.45831705544076000,-4.65914260199301E-02,0.174548594377065,0.283480143999728
01:00,0.14581482329889800,0.12202964254499800,7.3198372762863E-03,0.52141871926714300,-2.42178038349416E-14,6.8957267835446E-16,1.2455567226918E-02,-7.3712481021416500,23.157993559551200,0.52141871926714300,144.92144412295500,0.11210758066105500,0.14651133399800800,13.885624389979100,9.57825130974898E-02,-0.31830253701325000,278.69275505807700,276.88086530966700,79375.040879516000,0.99104539839597900,996.72989768619000,2.91911857918904E-02,3.34269264904575E-02,1.27163419400205E-02,1624.8306441262600,795.19776737095000,1.28312405875676E-02,12.8312405875676,295.789893099532,4.77118335207991E-02,0.233347654586,0.23527444449132600,0.46332140284092700,-4.30893750361193E-02,0.137582151560091,0.0509702182594527
01:30,0.13622870601557100,0.20640348193412200,1.36285769446988E-02,0.48443706258648900,-4.84320755776119E-14,2.40606538055195E-15,2.11165326725732E-02,-9.8925893923566200,-11.074739182263100,0.48443706258648900,131.26540129345800,0.14586283916005400,0.18007300563746500,22.807179479896800,5.83149705632087E-02,0.89325709883987100,278.29354119703500,276.54598857681300,79375.040879516000,0.99250632561588200,997.26231084869900,2.91493708333856E-02,-1.59805120972832E-02,1.22977597852496E-02,1569.4504147252300,776.67310678841400,1.23906109894246E-02,12.3906109894246,295.432146626508,0.21914289011598400,0.500096804306,0.11031358332214200,0.46792122239561800,-5.96649861626656E-02,0.178130382447196,0.234108817770537
02:00,6.17611839346191E-02,0.10770241715234700,1.57349215240387E-02,0.66904968112189700,-3.06721704286853E-14,1.7259143582754E-15,9.37835318976151E-03,-11.699290409088300,2.1507398103305700,0.66904968112189700,131.30592426870100,9.71605312544733E-02,9.78656280164873E-02,5.7019180787593700,0.23325484190214500,-5.4396586481049600,278.03289563200200,276.31061191931100,79375.040879516000,0.99345184975192200,997.53683730721800,2.9122069968987E-02,3.10275765005122E-03,1.21418196169677E-02,1548.2320232935600,763.86756049650900,1.22218501279148E-02,12.2218501279148,295.180695388508,8.91891083368302E-02,0.319040853112,0.15265577775687200,0.64548126406884800,-8.76220694963819E-02,0.0925992613055024,0.0952801010322201
02:30,3.07623871346055E-02,8.42587862269518E-02,5.60247615891731E-03,0.54669828256489400,-3.28130361539949E-14,-1.64361727592674E-15,5.72795480791272E-03,-5.4049078933210900,-18.077852349493300,0.54669828256489400,134.83248564116900,7.58401980312663E-02,6.15139221126226E-02,5.8636153704642800,0.22682251750334200,0.29897953522518900,277.32335219234900,275.40489838791600,79375.040879516000,0.99586545157704200,997.34530514312700,2.90477500808721E-02,-2.60575142629084E-02,1.3602231929933E-02,1728.7503843036500,716.12010426062900,1.36587045051042E-02,13.6587045051042,294.213127953574,8.58448986682232E-02,0.313002375099,0.15713248610916400,0.51938344448027500,-6.6552472293204E-02,6.03118247602373E-02,0.0917075052182285
03:00,3.7393899358389E-02,7.97514208791446E-02,1.03436604069639E-02,0.74420771939882200,3.04450723296145E-14,-4.00949554545056E-15,8.46317808091902E-03,-8.9841377624539100,-42.079449134294100,0.74420771939882200,140.09595811768100,9.21644582739372E-02,6.45394144280773E-02,6.3239999260791200,0.21030993288208300,0.21350416764681400,277.16310184648300,275.08248978354700,79375.040879516000,0.99633762237394000,996.94416447647600,2.9030964938329E-02,-6.0634974453248E-02,1.4776259834051E-02,1875.7462981684300,699.69934319162700,1.4830575000113E-02,14.830575000113,293.868701095062,0.11165885080072900,0.356974310771,0.27830277780170700,0.68551581954824400,-8.03788195343506E-02,6.37444903222488E-02,0.11928436984992
03:30,5.99441379887954E-02,9.13090597590312E-02,1.675587136518E-02,0.74432850735107200,-2.09013243402706E-14,-5.91711736728427E-16,6.96959893999215E-03,-15.254490143957100,-28.098641107446900,0.74432850735107200,131.01449303086400,8.36181009807744E-02,8.58389761108731E-02,2.7860236975651600,0.47738287408048600,0.54289067167430600,277.07155591427800,275.19809493316100,79375.040879516000,0.99679806723868600,997.68046573714900,2.9021376119578E-02,-4.04935781078025E-02,1.33056544444436E-02,1689.7913230062900,705.65743027086300,1.33483951080511E-02,13.3483951080511,293.992201268351,0.29222826507213600,0.577499345992,0.16687395826003300,0.72197727770683200,-7.01913056233569E-02,8.40045345565033E-02,0.312185412992246
04:00,6.53666022100891E-02,4.34433515136296E-02,9.17266721997564E-03,0.60069069959234500,2.70585775230708E-14,-5.12460152553758E-15,4.6491724720438E-03,-5.4924085990724200,-54.521162770598500,0.60069069959234500,141.96239344512700,6.81527422234285E-02,5.98050463197114E-02,4.1837011923364700,0.31790033247026300,0.10073902169295400,275.86640086110400,273.67186874278500,79375.040879516000,1.0009421725332800,997.69276790774700,2.8895144258768E-02,-7.84579305828363E-02,1.57380382049417E-02,1987.5783627286300,632.10185219627500,1.57232242149517E-02,15.7232242149517,292.361744497016,0.23494789425665100,0.517816834368,0.24252358330944800,0.54568051389043600,-6.5149097274531E-02,5.89913104718472E-02,0.250993193221968
04:30,2.83994334181357E-02,4.79057030588229E-02,6.73669571312139E-03,0.76398126859766200,5.72630333310791E-15,1.39649815355969E-15,3.09418869362254E-03,-3.4999974069915500,-140.23284123973500,0.76398126859766200,144.48110683064500,5.55743056511427E-02,4.23345182659484E-02,3.5394349234759100,0.37576619679558100,2.49584717534755E-02,275.45414254909100,272.29950774334400,79375.040879516000,1.0018407766449000,996.08508038975000,2.88519629820329E-02,-0.20153782844244600,2.27578254750215E-02,2859.5006984232200,571.22674131231700,2.27160103736603E-02,22.7160103736603,290.895660833688,0.18622895967992000,0.461013873998,0.33942338891628900,0.68134054178783600,-6.50707917647941E-02,4.152091609504E-02,0.198947095943785
05:00,0.13751680049166600,0.10216129525598000,1.92351082637697E-02,0.70853751222567500,-3.93844148360719E-15,5.97438189641537E-15,3.77293577524237E-03,1.5494307876310400,-398.75555865912200,0.70853751222567500,135.61913285980300,6.1368347753182E-02,0.12951571085318600,-10.678424059596800,-0.12455021383091800,-3.88566567658954E-03,275.20132672924500,270.44133063081400,79375.040879516000,1.0018219687382300,994.82093195961600,2.88254822306164E-02,-0.57207094205930700,3.45743407230207E-02,4313.8117580897400,496.27630947879300,3.4511461918295E-02,34.511461918295,288.91058321245,0.30469065748539200,0.589684830577,0.21304893058457700,0.67083799994513100,-8.13138194732434E-02,0.129456602005708,0.325498899699096
05:30,3.11024357585024E-02,4.61740101240206E-02,8.52907937699698E-03,0.72225871183978400,1.64200613518453E-15,3.70642707637076E-16,2.72337039869353E-03,-5.2292674224982600,-35.678267212642000,0.72225871183978400,145.12583750907400,5.21054059473474E-02,4.39652370213339E-02,1.9416958827632800,0.68496823411256200,0.14656730360059000,274.92168670018500,270.61089723658600,79375.040879516000,1.0030928737553900,995.51947710423900,2.8796191824264E-02,-5.11937010236623E-02,3.13315947351437E-02,3911.8942379155000,503.15033148468100,3.12349888578553E-02,31.2349888578553,289.091730032178,0.13479181355915200,0.392213145213,0.32792662491400900,0.64011284719148800,-6.6161305620261E-02,4.290276262976E-02,0.143997152272558
06:00,2.17122703848895E-02,2.64567500378978E-02,6.06311851380046E-03,0.69032648698355100,9.49759056406296E-15,3.47220398845622E-15,1.72343692240902E-03,-5.3825813520452500,74.968654057349600,0.69032648698355100,151.88093379885900,4.14225021385443E-02,2.72293714369113E-02,0.94230661909137700,1.4114301789394800,-7.17977589397254E-02,274.30374678293900,268.33619876713300,79375.040879516000,1.0044370753620500,996.86038182584700,2.87314667870853E-02,0.10733942670693300,4.37995065307933E-02,5421.2493037907700,422.15713639719200,4.36060233190871E-02,43.6060233190871,286.661685556694,5.5448088976935E-02,0.251555419537,0.38357433335571400,0.57122934744010700,-5.58428334250124E-02,2.71160694682939E-02,0.0592348058892329
06:30,5.74272909724614E-02,5.76617768263299E-02,1.16705918376788E-02,0.79881483757061100,-3.14756586805696E-14,3.86190731277033E-15,3.60598464205974E-03,-8.4699526435659200,0,0.79881483757061100,149.47899776893000,5.97949544972023E-02,6.57408066419895E-02,1.8635142518022400,0.71370530099983300,"-9,999",274.18692901568900,274.18692901568900,79375.040879516000,1.0085438681473800,1005.1734712305200,2.87192309141188E-02,"-9,999","-9,999","-9,999",656.88902909126500,4.36060233190871E-02,43.6060233190871,292.911979786449,0.12050251008302400,0.370841589248,0.41635523616233300,0.67998936114379100,-4.86613889488159E-02,6.33798298182351E-02,0.128731989246779
07:00,5.40879608700843E-02,7.99678657033888E-02,1.64910701597151E-02,0.88071527420240100,6.43404494544443E-15,-6.73646300082714E-16,7.2971733389695E-03,-19.663748646251100,4.9895981700994700,0.88071527420240100,139.69279840644100,8.5257515784787E-02,7.60322841900439E-02,2.2442931665192300,0.59261420024851600,-3.9409483441146800,274.36494277911700,267.77828521658400,79375.040879516000,1.0038973654111900,997.34562185198600,2.87378766548043E-02,7.14030142895414E-03,4.84182253616508E-02,5979.7768640969100,403.71561191460000,4.82302544362383E-02,48.2302544362383,286.065670410284,0.20296293318646400,0.481281039046,0.32430016671432900,0.81522858329034500,-7.67538472579094E-02,7.52734483665941E-02,0.216823882875577
07:30,2.55445236100086E-02,9.73719416476495E-02,6.92055014256587E-03,0.71951415123988200,-2.86705688484519E-15,1.78689453776119E-15,6.66202795269324E-03,-21.153284777298200,0,0.71951415123988200,135.46798367321200,8.13748025487414E-02,6.53668876451007E-02,1.8806862843304200,0.70718865293023500,"-9,999",274.86217932086500,274.86217932086500,79375.040879516000,1.0060661916753700,1005.1833047353800,2.87899588277681E-02,"-9,999","-9,999","-9,999",689.53624879206300,4.82302544362383E-02,48.2302544362383,293.63334496768,0.49023595949473800,0.747985138318,0.21500268059283100,0.68323238883479000,-6.83225000967167E-02,6.4918507700112E-02,0.523715648931961
08:00,2.09065911277968E-02,4.47597422590313E-02,4.1477777572749E-03,0.58834645611371400,2.74094426391599E-14,2.70022592083364E-15,3.19432422234506E-03,-9.3370813522243200,-39.108405084867400,0.58834645611371400,137.61712507039600,5.65322840619178E-02,3.72143157593002E-02,1.3745393229947500,0.96759690883363400,0.23874871225155600,275.58920012791900,269.11258074444200,79375.040879516000,0.99950720631575100,994.30874796209500,2.88661093522009E-02,-5.60361069049098E-02,4.71661174143777E-02,5854.3223543238000,446.81582194558900,4.71893720388821E-02,47.1893720388821,287.491088996386,0.43952022977618100,0.708238972975,0.19617955558856200,0.55041555562488000,-6.8613777893126E-02,3.49070555720515E-02,0.46953638936074
08:30,0.17746933866062500,0.15074146593299200,3.46556042842939E-02,1.1241767360955700,1.03318334111226E-13,1.19394065593271E-14,1.73607977214743E-02,-21.497615025893600,-138.31179304281300,1.1241767360955700,94.278623384104900,0.13233103033209200,0.20585177322508100,7.7493016736927900,0.17162836807799900,0.15542864822263700,278.34969903225400,275.11979515758800,79375.040879516000,0.99139400658961100,992.34369844388300,2.91552529877358E-02,-0.19930938600671700,2.2821483440783E-02,2897.1881235613200,700.43642898112300,2.30195898795966E-02,23.0195898795966,293.908554165396,0.32914321188578000,0.612890427437,-0.44765916666196800,1.0187631527312500,-0.15967543054196400,0.181433204438955,0.351621392649312
09:00,0.35604511523607100,0.43699823890533500,7.73763761627775E-02,1.4998249291870700,-2.88225130374428E-14,4.1622494862591E-15,3.11100648779785E-02,-13.176815296626800,33.145794010076100,1.4998249291870700,94.847758673180000,0.17751280724120100,0.43703052550301600,30.890234316049700,4.30556785808831E-02,-0.39754109654519700,279.80686669289600,278.27776527280200,79375.040879516000,0.98728271265091200,997.20631985606100,2.93078814688848E-02,4.79072738140469E-02,1.06372444831441E-02,1366.0486093583800,877.17746517950500,1.07742638930469E-02,10.7742638930469,297.282191566254,6.52522332999778E-02,0.272890286333,-0.58249887501745100,1.3622064723020800,-0.23358811106910900,0.435209865152092,0.0697085047416323
09:30,0.42856432166891600,0.46989533506610300,9.68681824851923E-02,1.4952518042618600,2.86292409409848E-14,1.35062335334127E-14,4.20238374610109E-02,-7.1692640081395200,41.482098744405500,1.4952518042618600,98.633563630683800,0.20650633604148000,0.49974240979184400,89.402097663805400,1.4876608432628E-02,-0.17282789986864900,280.34129050784600,278.86687866339300,79375.040879516000,0.98543718364017100,997.14596156106100,2.93638587578192E-02,5.99898168935671E-02,1.02159943678736E-02,1314.7314990496300,913.87656584920200,1.03669665986583E-02,10.3669665986583,297.911537283704,1.97393324431892E-02,0.150091679583,-0.49060555545849600,1.3957591664508100,-0.21665755553457900,0.497663919610106,0.0210873908772894
10:00,0.75941499876175100,0.77409785518973900,0.15154528146310500,1.5131245157987300,-5.69543083803826E-14,-1.39417732812842E-14,8.40112074101507E-02,45.410758170405100,84.173811160431600,1.5131245157987300,100.11637478877700,0.29238665635832200,0.85113829207963900,-40.054393609154000,-3.3204846713646E-02,0.53948796596430900,281.12696013111500,279.67923437656700,79375.040879516000,0.98270265348917700,996.81919891735700,2.94461523500553E-02,0.12182325441020100,9.97419905048426E-03,1287.3547768499000,966.66867874277400,1.01497630184165E-02,10.1497630184165,298.779371213976,0.13167218201204000,0.387647871027,-0.46080958338315500,1.4280892497444300,-0.19432298612806000,0.84252906770729800,0.140664471696028
10:30,1.0646077822029700,1.8046052177793900,0.23387905385008700,1.5947428437486500,9.81101205249977E-15,9.1295295537882E-16,0.15362983670341200,65.379639699420800,107.39263948860400,1.5947428437486500,111.57807257637200,0.39592406417144900,1.5550712336476900,-70.270402345068500,-1.89268875033464E-02,0.60879069562638600,281.89353744157200,280.48580952804500,79375.040879516000,0.98005798446647400,1013.8625429235200,2.95264461513373E-02,0.15554712098840900,9.64471554137885E-03,1248.4208604462600,1021.7393431984000,9.84096420236734E-03,9.84096420236733,299.641029810591,0.22092439064961100,0.502125433614,-0.17691380569028400,1.5717916111983900,-0.20341429155792200,1.55154602691622,0.236011982338478
11:00,0.92213768934288500,1.8598523265327700,0.24465201711327400,1.5012075681814500,-5.58096760268476E-14,-1.39515694958781E-15,0.20040602058780400,99.629614820959400,116.25572259985100,1.5012075681814500,134.88642821752000,0.45310636812827400,1.5177506186313800,-69.119389864921800,-1.92420680014564E-02,0.85698675809604100,283.02706574270500,281.61910582661500,79375.040879516000,0.97613623066972800,1013.8595089368000,2.96451755931265E-02,0.16856673994163000,9.56904136697203E-03,1243.6304064286500,1103.7462111132400,9.80297735737838E-03,9.80297735737838,300.851722324966,0.32582231932230100,0.609790707991,0.43501294472354200,1.4330164726353900,-0.10417144447470500,1.51332101649446,0.348073706335749
11:30,1.2103586489413800,1.3744525715084200,0.23865737347046400,1.5730854951371900,-1.44685789208619E-13,-1.59279135705552E-15,0.19839970998953800,100.72187331340400,120.75775940842200,1.5730854951371900,158.81218225137900,0.45129415158780300,1.4398107640347300,-67.549727825025800,-1.96891985034359E-02,0.83408199859643500,283.61297907702100,282.23564733287500,79375.040879516000,0.97414055054389100,1013.6715813447700,2.97065460618221E-02,0.17519775919043500,9.32133544797374E-03,1214.0911817522100,1150.7766774400400,9.56877879970131E-03,9.56877879970131,301.510369306671,0.34704168591099400,0.629334020005,1.0279375696712700,1.1903653614350700,-3.11870832952897E-02,1.41173429696013,0.370742207345703
12:00,2.3320845118781000,1.6904168411861000,0.26485122524862700,1.5826986554799800,1.33688011640869E-14,-1.38014391575044E-14,0.20533144753527000,122.21529325303400,131.47053173747500,1.5826986554799800,174.51041957266500,0.45967296216361700,2.1821104989130000,-58.828283693771300,-2.2608172744309E-02,0.92960218261745400,284.31131883112600,282.94492294850000,79375.040879516000,0.97175671417050000,1013.6029730357000,2.97796924394654E-02,0.19086950972706700,9.20157166790925E-03,1201.5045968851200,1207.0380516461500,9.46900755480119E-03,9.46900755480119,302.268083489228,0.51270550825580300,0.764934728377,1.3198476111634200,0.87324294449703100,1.95978889292175E-02,2.14367628915641,0.547719710818278
12:30,2.8672062061768100,2.1320138287381200,0.27394105847829000,1.0234250184401400,1.01016099744816E-13,-1.31775538363561E-15,0.28653768091339100,138.27009177838600,149.01202387616600,1.0234250184401400,182.42364162333100,0.54355835647767600,2.6590644250999000,-85.975744297057400,-1.54694793383199E-02,0.92791231325931300,284.88088447408300,283.51535007133200,79375.040879516000,0.96981609635952500,1013.5896721555800,2.98393505977867E-02,0.21645446860872600,9.15894140342856E-03,1198.3493095414600,1254.0227065715100,9.4439981330576E-03,9.4439981330576,302.877466797442,0.48770937477153000,0.746055160455,0.92313459695231000,0.44182373628495600,-3.61529171173718E-03,2.63658054669661,0.521016516132196
13:00,2.0798714462039700,3.5480858363039100,0.41665579926741400,1.8891881330541800,-6.1615293974995E-14,5.13571378413887E-14,0.55186211724030800,140.63201956238600,184.95484994028800,1.8891881330541800,157.30927949881400,0.75529616453204100,3.0620298892284200,-226.79087223557400,-5.86443355012319E-03,0.76035864757149400,285.60176185682100,284.24799747928600,79375.040879516000,0.96737759389566000,1013.5075451520200,2.99148576399711E-02,0.26885349690997300,9.03382173489331E-03,1185.0337737583300,1316.7360209444000,9.3384649302387E-03,9.3384649302387,303.660148902383,0.58840521765651900,0.819461670056,1.1957231385543700,1.4604055695258300,-8.05825694361822E-02,3.02230654088765,0.628589181253733
13:30,1.7652767377820700,2.7462163899549700,0.32316770140102700,1.8715711587269900,-2.28593265167367E-15,-7.84381057636649E-15,0.37971648278572500,112.90483166062700,202.24561072725500,1.8715711587269900,152.44867104878900,0.62709543478908600,2.4531533713960000,-161.66120219635700,-8.22708220606051E-03,0.55825602965934600,286.14062341718300,284.83780321600600,79375.040879516000,0.96558869212613000,1013.1881287222800,2.99712997527966E-02,0.29415385084020000,8.65981972848027E-03,1138.3322727011600,1369.2462349575700,8.96843531733187E-03,8.96843531733187,304.290234248363,0.52086432533104300,0.770997009271,1.0561531948136900,1.5396655276486500,-0.12941829172630600,2.41733041456903,0.556435718072173
14:00,3.0913979162884700,2.2431561610411800,0.29654211744655900,1.8626204309142900,-1.1840147347646E-14,1.10824490355029E-14,0.36129570022929000,112.81038719444400,169.37801217085600,1.8626204309142900,180.90779567543700,0.61217138194085300,2.8351283436409400,-150.49929537713600,-8.8372506772683E-03,0.66602734173458900,286.59849810579100,285.36216799470300,79375.040879516000,0.96408815439113800,1012.7769804093400,3.00192590372128E-02,0.24647382988881300,8.19001357421912E-03,1078.5605426274900,1417.4840753858300,8.49508785780223E-03,8.49508785780223,304.850409476299,0.51009098780490100,0.762981859108,1.6581769303363500,0.84824733336746900,-1.67510833853688E-02,2.8155480973881,0.544926636895261
14:30,1.8182703255390600,2.9700072949256400,0.28902658330029000,1.2425646645250800,2.22811227544841E-13,-1.79844369095126E-14,0.39481088445664700,152.41942803741600,269.20423207041100,1.2425646645250800,162.74678344792800,0.64062651369071500,2.6237407013401800,-127.64021831144400,-1.04199132342032E-02,0.56618511107786200,287.23049671363800,286.06078729121700,79375.040879516000,0.96200936387174100,1012.3670173773800,3.00854566273799E-02,0.39200061181493300,7.71309680285803E-03,1018.2432029175500,1484.0486264267800,8.01769410207776E-03,8.01769410207776,305.596739587634,0.67593410145985400,0.878299358687,0.87372052783280500,0.88147761078456800,-5.98047360644639E-02,2.5386521018825,0.722095676021271
15:00,2.7286794875966300,1.9166575366836000,0.23053334773742900,0.83626925271051100,2.8650178363134E-14,-4.04989256840085E-15,0.19351690082167600,130.81433281120200,187.49981520199000,0.83626925271051100,145.67369305908200,0.44883537276071000,2.4419159871638800,-51.142663948801900,-2.60056848296257E-02,0.69767712928291700,287.65941842736100,286.53668898820600,79375.040879516000,0.96060478889893400,1012.0802245151000,3.01303832830186E-02,0.27315182233106300,7.38022230241257E-03,975.92105551213700,1530.9508481701800,7.68289143225274E-03,7.68289143225274,306.105142044123,0.69853442211938900,0.892861903334,0.38696004192666500,0.73787323651696200,-7.17723889325822E-02,2.43793518600883,0.746239440612669
15:30,2.9375627599961400,3.2307608787817900,0.39808884467409300,0.20459690882765500,2.36305357988889E-13,-1.7514554334373E-14,0.71882197045708600,62.588708965012600,110.16740008244800,0.20459690882765500,54.088499326878000,0.86507567619533600,3.3425955509386800,-765.28763546137100,-1.73790864816231E-03,0.56812368194377100,287.68476922798200,286.58597080817100,79375.040879516000,0.96053488175933000,1011.9354189050500,3.01330386083453E-02,0.16050069177574400,7.22114497716789E-03,955.05038195253900,1535.8961956190400,7.517837315748E-03,7.517837315748,306.157789467927,0.58121988885437000,0.814442860189,-0.17476201369950400,8.5571533466481E-02,-6.32111250476551E-02,3.28320624172601,0.620913144717602
16:00,3.0406198612750000,4.2802527140246100,0.39674750955848100,1.2558283670487900,1.24446689347792E-13,4.02194697660256E-14,0.44799120998006000,135.93361049317500,219.12560319666800,1.2558283670487900,141.40666414724800,0.68321983856066200,3.9781262632948200,-173.59357915590400,-7.66157369683318E-03,0.62034563058874000,287.92209137535100,286.79905413514600,79375.040879516000,0.95972886289869700,1012.0810914408300,3.01578965021034E-02,0.31930505774360900,7.36876697679708E-03,975.29849166016000,1557.3396614994800,7.6779674569138E-03,7.6779674569138,306.385424896749,0.48046464124781000,0.740493248198,0.49772680538470700,1.1498118469200400,-8.54729861858667E-02,3.85881004242905,0.513277017947231
16:30,2.1933505926611900,3.2842533149241200,0.41012656702888000,2.5211274095758300,7.06142353284005E-14,3.43814735923488E-15,0.29566941652287900,126.93838838253300,240.77106691161500,2.5211274095758300,130.87891956420500,0.55511392024264600,2.9475481520853500,-99.708845580287700,-1.3338836612335E-02,0.52721612281234600,287.99249209891400,286.86842197937100,79375.040879516000,0.95949379002084600,1012.0870752486000,3.01652705029129E-02,0.35086973080014700,7.37195458575983E-03,975.95636618447100,1564.3824062601700,7.68317071192265E-03,7.68317071192265,306.459530079875,0.33981827599683700,0.622750024078,0.55955244469189400,2.4472715280243300,-0.23204858343718400,2.9438652373071,0.363025489023789
17:00,3.2734800145621400,4.5867584594059100,0.43580029472064800,2.1148060714186300,-2.8623579052931E-13,1.0383873397184E-14,0.33265239225872900,98.877008616172700,178.77231818686500,2.1148060714186300,121.36558185265300,0.58891139447499200,4.1739567728416200,-152.84239430600500,-8.70177417750477E-03,0.55308903312882800,288.09106787278900,286.95648116922500,79375.040879516000,0.95915928754167700,1012.1502393766200,3.01755956501496E-02,0.26054252063505800,7.43604846890631E-03,984.74352468594300,1573.3556707849800,7.75267316439679E-03,7.75267316439679,306.553603096889,0.26417228791329100,0.549077965253,0.12321305590093600,2.0951701524538600,-0.25977931948344200,4.14801938434435,0.282213408695971
17:30,1.5635278872460100,2.2166509533234400,0.20181098669334900,0.66916212872827200,1.21633606629925E-13,-2.86272089978696E-14,0.16368582958255900,92.915611964112300,155.40640663828900,0.66916212872827200,135.25916554478000,0.41331057161098600,2.0714064351341600,-56.228293715177400,-2.36535721097473E-02,0.59788791192100000,288.37311567377200,287.20953705903700,79375.040879516000,0.95820416947311000,1012.3242002527200,3.0205138254366E-02,0.22654413960367700,7.61175417374299E-03,1008.9000729387700,1599.3949760949200,7.94377066625424E-03,7.94377066625424,306.823940935194,0.50069642708810200,0.755923127920,0.19720665248916500,0.63475065258398100,-7.73246389043217E-02,1.9909949136314,0.53489049334655
18:00,1.2989372434324300,1.5588239263645900,0.18704172688309400,1.0042388692439400,-2.16840051570215E-13,1.95149509487597E-14,0.18907382738989800,64.755328964897800,148.76450935965000,1.0042388692439400,158.55835511364700,0.44412018878287200,1.5641791298583200,-100.10605875476400,-1.32859091302174E-02,0.43528748384701500,288.25385998408000,287.06428796536100,79375.040879516000,0.95858445989796900,1012.4818700858800,3.01926470254721E-02,0.21683163604838500,7.788822026628E-03,1031.8466500813400,1584.3671379670600,8.12533725766537E-03,8.12533725766537,306.668772343666,0.23704410611190200,0.520121693109,0.65215508332797300,0.76200259711445900,-5.04132500557883E-02,1.52240144834006,0.253232561695067
18:30,1.3879545982476900,0.90314455916361500,8.87353882588036E-02,0.38516199525904000,9.30170391904099E-14,-2.82256844096643E-14,8.00207986827328E-02,46.996319153614300,118.20677670195200,0.38516199525904000,239.77399839548900,0.28889386913225000,1.2264351621319500,-37.967191200569600,-3.50302447440475E-02,0.39757719874310800,288.18489945602400,286.96638107762100,79375.040879516000,0.95879603840461300,1012.6574521382300,3.01854238754251E-02,0.17227602535032600,7.9828343569283E-03,1057.1873882565600,1574.2973229422200,8.32589418100988E-03,8.32589418100988,306.564179099832,0.19349110611871100,0.469916712111,0.32714080534266000,-0.20263041660685500,1.64185973050281E-02,1.18991727283505,0.20670519622421
19:00,0.59061488548919700,0.52314877622550600,5.00380032708223E-02,0.37511482412652000,1.25186171826794E-14,-7.46886829047394E-15,2.30878028680373E-02,2.5033897150038600,51.676642952132100,0.37511482412652000,302.06089663958500,0.15503049705935700,0.59328811068220800,-110.15934219008600,-1.20734199529351E-02,4.84433502641172E-02,287.62964453930300,286.35737356159300,79375.040879516000,0.96061270581311700,1012.9876700309900,3.01272646691246E-02,7.52701508910739E-02,8.36853430030378E-03,1105.9127309941400,1513.0173831940100,8.71166313922548E-03,8.71166313922548,305.913580627231,0.27632061203768900,0.561561115372,-2.63755139275114E-02,-0.37151261118149600,4.4652472245065E-02,0.581900832492763,0.295191378445074
19:30,1.5785682991287100,1.1305568465234800,0.15184595538820700,1.0822286066024800,-1.64971171112008E-13,-1.25433911279417E-15,0.11590665609244500,-42.429209295345200,50.192384814918200,1.0822286066024800,167.09359239161600,0.34695254102664400,1.5016506994049200,72.851834310509700,1.82562321537611E-02,-0.84533160661324900,286.95447232437100,285.68250242390700,79375.040879516000,0.96287127673190300,1012.9915351005500,3.00565449349016E-02,7.30609064517373E-02,8.40603605526898E-03,1108.2505095892900,1447.6177513026100,8.73017635732167E-03,8.73017635732167,305.19262050798,0.15252905432815200,0.417221495758,0.81776579156242300,0.70853104152518000,-2.14855834211972E-02,1.4304855505202,0.162945722608306
20:00,1.6210520540923500,1.3424114045803500,0.14264025355412900,0.82934242049223600,-2.09948351432007E-14,2.22779264832475E-15,0.10607924421680300,-63.031409871912400,61.760695652859300,0.82934242049223600,142.65968163528100,0.33192827244893900,1.5535005505958800,42.938486939906200,3.09745427653606E-02,-1.0205748041795900,286.97729021835300,285.73498412924600,79375.040879516000,0.96281295585665300,1012.8104092931900,3.00589349553471E-02,8.99044670028437E-02,8.20799241974487E-03,1082.3402676259900,1452.6380153015500,8.52501243342939E-03,8.52501243342939,305.248686346963,0.23461413035909400,0.517448901749,0.34463119429878500,0.75067294425344400,-7.43526805826104E-02,1.55305185611341,0.250636635583113
20:30,0.70070319912002900,0.27629057707843200,2.54117577681354E-02,0.40380863624084500,7.59412749248742E-15,-2.83311766424119E-15,8.94935008332188E-03,-11.698270343197200,6.2531055106173200,0.40380863624084500,85.133084961002000,9.61603142657992E-02,0.50824182315274400,5.6261999970486200,0.23639401384552400,-1.8707936917639400,285.46951707755200,284.12571398109800,79375.040879516000,0.96783149174986700,1013.4478031131500,2.99010058915794E-02,9.08855515844896E-03,8.97541773237128E-03,1176.8663514013700,1306.0906412541700,9.27374011786233E-03,9.27374011786233,303.529514295992,0.61336721896369000,0.836663200805,-0.21705438885848400,0.33594019450006800,-5.5614680608945E-02,0.501202766983298,0.65525591277359
21:00,0.82604600465904100,1.0847702529939500,9.64245571436332E-02,0.69662681183714200,1.52384672503218E-13,-1.21003447852946E-14,7.70532564576615E-02,-59.043731145003800,38.580875557992900,0.69662681183714200,142.32105001700000,0.28215875524119700,1.0307626249403700,28.159139395842400,4.72315570907103E-02,-1.5303885744182300,285.47476850001000,284.17489181181100,79375.040879516000,0.96784082259352200,1013.1772209410800,2.99015559426513E-02,5.60778854575926E-02,8.68060934654704E-03,1138.4094279322000,1310.4018870934600,8.96904650424398E-03,8.96904650424398,303.582050628805,1.1248878157588000,1.133039350644,0.28559019441149800,0.63189308313508000,-6.6620472169799E-02,1.00362040739831,1.20170979096057
21:30,2.0753987473287200,1.4350226771517800,0.11925006361552100,0.43466598163617200,1.5987815380919E-14,1.10920663305784E-14,0.11226590127937800,-58.717210919748100,39.499148312043900,0.43466598163617200,127.97452109316600,0.34091834907049700,1.8154616767322100,49.941923065882900,2.66309328586622E-02,-1.4865437212944800,286.04675877126000,284.78933147461900,79375.040879516000,0.96593324562491700,1012.9107884488000,2.99614680644277E-02,5.74464222611172E-02,8.36249951604339E-03,1099.0640832388100,1364.9030754142100,8.65743005939631E-03,8.65743005939631,304.238452225842,0.57186594997234000,0.807862606002,7.47373194443491E-02,0.42496137461689200,-5.25040832475076E-02,1.81483574404801,0.610920397191041
22:00,0.38234910967231700,0.64575770390526000,3.16137256945222E-02,0.57668559315551000,-1.42639171450036E-13,-1.00867721462718E-15,4.67179863780531E-02,-16.930839091808500,10.010733005905700,0.57668559315551000,115.41656680433400,0.21922666773767800,0.54655644040748100,46.063156279369900,2.88734013781783E-02,-1.6912686695190400,284.22244269222700,282.87093988245500,79375.040879516000,0.97206957551653300,1013.5118259208600,2.97703832635504E-02,1.45325984816192E-02,9.10659020564943E-03,1188.7919669558200,1201.0710387365900,9.36824938771529E-03,9.3682493877153,302.189047896891,1.2518112711055600,1.195252926339,-2.58047777664621E-02,0.57191444438927700,-6.93848333318299E-02,0.52986026963605,1.3373012311522
22:30,0.75194710055099200,0.89526538199326000,8.2458714941678E-02,0.67238288111955600,-3.95287276357794E-14,4.54085579811282E-15,0.10051194113585100,-88.996082109949600,52.368929442146300,0.67238288111955600,148.27126118414100,0.32227586668600100,0.86813884623444400,27.835608477252000,4.77805254764563E-02,-1.6994061757223100,285.50767174233300,284.23722865284200,79375.040879516000,0.96774757193677300,1012.9958801306200,2.99050023352912E-02,7.61235758856855E-02,8.4813731188389E-03,1112.5258528312800,1315.8625303459600,8.76403451146352E-03,8.76403451146352,303.648644640363,0.84229387099877000,0.980442677119,0.33701844451714200,0.57740261128831600,-7.15788471216105E-02,0.864835598742965,0.899816655016857
23:00,1.1443529767973700,0.95863190834221700,5.89792150434558E-02,0.62768542302614000,-6.80452910421116E-14,1.55491623294833E-14,6.33111975621101E-02,2.4447634571344700,-8.9647742103454500,0.62768542302614000,238.02918250248400,0.25564388024378000,1.0826208941482400,-505.77853454116800,-2.62960942224752E-03,-0.27270775590903100,285.21245878092400,283.93737900768300,79375.040879516000,0.96874556419137900,1013.0274602154900,2.98740807693435E-02,-1.30274706305048E-02,8.53010423743149E-03,1117.7374624955000,1289.8855857333400,8.80530920887534E-03,8.80530920887534,303.328317360296,1.2385874193599600,1.188922973830,0.54226197226892800,-0.31344345827854000,4.11599583698754E-02,1.08098205009152,1.32317428276297